{
    "results": [
        {
            "parameter": 0.8,
            "dayPerformance": 0.010982684228053919,
            "kellyAnnualizedPerformance": 1.0233710171790278,
            "stdDev": 0.06491386511416544,
            "kellyFraction": 0.008414396271371272,
            "d1Open": -0.005387173077119949,
            "d1Close": 0.0012526855360723917,
            "d1High": 0.02609852412019207,
            "d1Low": -0.03092187606140588,
            "d1OpenStdDev": 0.019872175152831992,
            "d1CloseStdDev": 0.04424230486349952,
            "d1HighStdDev": 0.03252796845704921,
            "d1LowStdDev": 0.030604682413061312,
            "d2Open": -0.0027210575069381918,
            "d2Close": 0.004291785143634593,
            "d2High": 0.029641751901882736,
            "d2Low": -0.027314000002710847,
            "d2OpenStdDev": 0.023558167414166997,
            "d2CloseStdDev": 0.04573229055145864,
            "d2HighStdDev": 0.033999017391469356,
            "d2LowStdDev": 0.03260502958832046,
            "cnt": 2004
        },
        {
            "parameter": 0.9,
            "dayPerformance": 0.011040498071912435,
            "kellyAnnualizedPerformance": 1.0229480434201075,
            "stdDev": 0.06463101747487304,
            "kellyFraction": 0.008220544642602755,
            "d1Open": -0.00551115511717823,
            "d1Close": 0.0012516698968923488,
            "d1High": 0.026042655025739818,
            "d1Low": -0.03098259421181742,
            "d1OpenStdDev": 0.01976618043638175,
            "d1CloseStdDev": 0.04425100364026633,
            "d1HighStdDev": 0.03248161237209553,
            "d1LowStdDev": 0.030401282048254086,
            "d2Open": -0.002766759245924646,
            "d2Close": 0.004229044366711128,
            "d2High": 0.02955097778126643,
            "d2Low": -0.0274221350180705,
            "d2OpenStdDev": 0.023415607460460078,
            "d2CloseStdDev": 0.0455865029684057,
            "d2HighStdDev": 0.03391898527525874,
            "d2LowStdDev": 0.032435731934903365,
            "cnt": 2004
        },
        {
            "parameter": 1,
            "dayPerformance": 0.011066860619556935,
            "kellyAnnualizedPerformance": 1.0225830763612274,
            "stdDev": 0.0645125929796691,
            "kellyFraction": 0.00807197348198758,
            "d1Open": -0.005525797957913517,
            "d1Close": 0.0012565128476419956,
            "d1High": 0.026050833490192743,
            "d1Low": -0.03097732249656819,
            "d1OpenStdDev": 0.019697775445310147,
            "d1CloseStdDev": 0.044082615563716496,
            "d1HighStdDev": 0.03244103157105123,
            "d1LowStdDev": 0.030312105314011205,
            "d2Open": -0.002728830752295471,
            "d2Close": 0.004237193384849739,
            "d2High": 0.0295511287125504,
            "d2Low": -0.027350718245461217,
            "d2OpenStdDev": 0.023396391721869712,
            "d2CloseStdDev": 0.045601872682096985,
            "d2HighStdDev": 0.03390548714251077,
            "d2LowStdDev": 0.03240716870951476,
            "cnt": 2004
        },
        {
            "parameter": 1.1,
            "dayPerformance": 0.011013440348624304,
            "kellyAnnualizedPerformance": 1.0224896822392535,
            "stdDev": 0.06419387042951845,
            "kellyFraction": 0.008077950856752465,
            "d1Open": -0.005492721958240386,
            "d1Close": 0.0013276483755376124,
            "d1High": 0.02611626054536763,
            "d1Low": -0.030849054221475818,
            "d1OpenStdDev": 0.019636006554078825,
            "d1CloseStdDev": 0.044110025648824706,
            "d1HighStdDev": 0.0324922510419733,
            "d1LowStdDev": 0.030243131428289015,
            "d2Open": -0.0027139234694573966,
            "d2Close": 0.0041563256541244376,
            "d2High": 0.029465827502961468,
            "d2Low": -0.027329978821551016,
            "d2OpenStdDev": 0.023307964552221186,
            "d2CloseStdDev": 0.045720623964352676,
            "d2HighStdDev": 0.03381276779955117,
            "d2LowStdDev": 0.032448424373889014,
            "cnt": 2004
        }
    ],
    "type": "SingleDouble",
    "lastResults": {
        "parameter": 1.1,
        "dayPerformance": 0.011013440348624304,
        "kellyAnnualizedPerformance": 1.0224896822392535,
        "stdDev": 0.06419387042951845,
        "kellyFraction": 0.008077950856752465,
        "d1Open": -0.005492721958240386,
        "d1Close": 0.0013276483755376124,
        "d1High": 0.02611626054536763,
        "d1Low": -0.030849054221475818,
        "d1OpenStdDev": 0.019636006554078825,
        "d1CloseStdDev": 0.044110025648824706,
        "d1HighStdDev": 0.0324922510419733,
        "d1LowStdDev": 0.030243131428289015,
        "d2Open": -0.0027139234694573966,
        "d2Close": 0.0041563256541244376,
        "d2High": 0.029465827502961468,
        "d2Low": -0.027329978821551016,
        "d2OpenStdDev": 0.023307964552221186,
        "d2CloseStdDev": 0.045720623964352676,
        "d2HighStdDev": 0.03381276779955117,
        "d2LowStdDev": 0.032448424373889014,
        "cnt": 2004
    },
    "miscName": "SingleTrainResult"
}